image_id,status,body,target_meta,timestamp_utc,predicted_range_km,true_range_km,relative_range_error,angular_center_error_arcsec,note
co-iss-n1308947440,REFUSED,,Venus,1999-06-24T20:24:23.606,,,,,
co-iss-n1313633721,REFUSED,,Moon,1999-08-18T02:08:33.851,,,,,
co-iss-n1313633738,REFUSED,,Moon,1999-08-18T02:08:50.854,,,,,
co-iss-n1313633756,REFUSED,,Moon,1999-08-18T02:09:08.858,,,,,
co-iss-n1313633773,REFUSED,,Moon,1999-08-18T02:09:25.858,,,,,
co-iss-n1349081639,NOMINAL,jupiter,Jupiter,2000-10-01T08:43:11.699,126182413.971555,84380496.575,0.495398,25.423024,
co-iss-n1349081680,NOMINAL,jupiter,Jupiter,2000-10-01T08:43:53.303,128262344.294382,84380052.542,0.520055,23.980047,
co-iss-n1349081709,NOMINAL,jupiter,Jupiter,2000-10-01T08:44:24.307,64131153.094257,84379721.641,0.239970,15.082183,
co-iss-n1349081745,NOMINAL,jupiter,Jupiter,2000-10-01T08:45:00.010,64307823.077266,84379340.589,0.237872,17.703595,
co-iss-n1349081790,NOMINAL,jupiter,Jupiter,2000-10-01T08:45:45.698,64664099.385332,84378852.968,0.233646,15.672668,
co-iss-n1349081823,NOMINAL,jupiter,Jupiter,2000-10-01T08:46:19.262,64307823.077266,84378494.745,0.237865,15.485971,
co-iss-n1349081860,NOMINAL,jupiter,Jupiter,2000-10-01T08:46:56.410,64664099.385332,84378098.270,0.233639,17.113619,
co-iss-n1349081893,NOMINAL,jupiter,Jupiter,2000-10-01T08:47:28.278,64485469.137144,84377758.148,0.235753,16.601082,
co-iss-n1349099823,NOMINAL,jupiter,Jupiter,2000-10-01T13:46:19.112,64307823.077266,84186393.641,0.236126,15.971565,
co-iss-n1349105639,NOMINAL,jupiter,Jupiter,2000-10-01T15:23:11.503,126182413.971555,84124366.000,0.499951,27.116470,
co-iss-n1349153551,NOMINAL,jupiter,Jupiter,2000-10-02T04:41:46.186,63780709.356325,83613143.480,0.237193,8.519387,
co-iss-n1349159441,NOMINAL,jupiter,Jupiter,2000-10-02T06:19:53.733,126868188.100492,83550339.106,0.518464,42.113393,
co-iss-n1355377888,NOMINAL,europa,Europa,2000-12-13T05:40:00.978,15328280.156863,19626913.409,0.219017,5.811269,
co-iss-n1355377921,NOMINAL,europa,Europa,2000-12-13T05:40:33.986,15792773.494949,19626484.140,0.195334,0.297650,
co-iss-n1355377954,NOMINAL,europa,Europa,2000-12-13T05:41:06.990,14476709.037037,19626054.651,0.262373,5.425662,
co-iss-n1355377994,NOMINAL,europa,Europa,2000-12-13T05:41:42.398,15328280.156863,19625593.577,0.218965,5.191091,
co-iss-n1355702131,DEGRADED,saturn,Io,2000-12-16T23:43:59.773,19062737.777205,,,,spice_fail:SpiceSPKINSUFFDATA
co-iss-n1355702179,REFUSED,,Io,2000-12-16T23:44:37.777,,,,,
co-iss-n1355702203,REFUSED,,Io,2000-12-16T23:45:09.184,,,,,
co-iss-n1355702251,DEGRADED,titan,Io,2000-12-16T23:45:49.788,2597611.43514,,,,spice_fail:SpiceSPKINSUFFDATA
co-iss-n1355863544,REFUSED,,Himalia,2000-12-18T20:34:10.455,,,,,
co-iss-n1356764729,NOMINAL,ganymede,Ganymede,2000-12-29T06:53:52.456,8220033.183801,10915014.968,0.246906,11.937198,
co-iss-n1356766598,NOMINAL,callisto,Callisto,2000-12-29T07:24:59.602,6287619.052083,8566388.389,0.266013,7.729668,
co-iss-n1356766631,NOMINAL,callisto,Callisto,2000-12-29T07:25:34.375,6337127.863517,8566511.968,0.260244,6.025965,
co-iss-n1356766664,NOMINAL,callisto,Callisto,2000-12-29T07:26:06.853,6387422.529101,8566627.419,0.254383,2.594855,
co-iss-n1356766697,NOMINAL,callisto,Callisto,2000-12-29T07:26:38.417,6337127.863517,8566739.647,0.260264,10.068677,
co-iss-n1357344485,REFUSED,,Jupiter,2001-01-04T23:56:23.885,,,,,
co-iss-n1357351283,REFUSED,,Jupiter,2001-01-05T01:49:40.798,,,,,
co-iss-n1357352003,REFUSED,,Jupiter,2001-01-05T02:01:10.293,,,,,
co-iss-n1373702060,NOMINAL,saturn,Saturn,2001-07-13T07:40:23.423,175171648.768769,,,,spice_fail:SpiceSPKINSUFFDATA
co-iss-n1373702093,NOMINAL,saturn,Saturn,2001-07-13T07:41:18.166,167621146.666667,,,,spice_fail:SpiceSPKINSUFFDATA
co-iss-n1373702127,NOMINAL,saturn,Saturn,2001-07-13T07:41:50.352,173607616.190476,,,,spice_fail:SpiceSPKINSUFFDATA
co-iss-n1373702160,NOMINAL,saturn,Saturn,2001-07-13T07:42:24.159,166188487.293447,,,,spice_fail:SpiceSPKINSUFFDATA
co-iss-n1373702208,NOMINAL,saturn,Saturn,2001-07-13T07:43:07.763,159377483.715847,,,,spice_fail:SpiceSPKINSUFFDATA
co-iss-n1373702248,NOMINAL,saturn,Saturn,2001-07-13T07:43:50.767,163395403.473389,,,,spice_fail:SpiceSPKINSUFFDATA
co-iss-n1373702320,NOMINAL,saturn,Saturn,2001-07-13T07:44:33.370,166188487.293447,,,,spice_fail:SpiceSPKINSUFFDATA
co-iss-n1373702584,NOMINAL,saturn,Saturn,2001-07-13T07:49:19.388,196404575.892256,,,,spice_fail:SpiceSPKINSUFFDATA
co-iss-n1373702656,NOMINAL,saturn,Saturn,2001-07-13T07:50:19.395,188777213.721683,,,,spice_fail:SpiceSPKINSUFFDATA
co-iss-n1373703951,NOMINAL,saturn,Saturn,2001-07-13T08:11:44.398,213670912.234432,,,,spice_fail:SpiceSPKINSUFFDATA
co-iss-n1413901840,NOMINAL,saturn,Saturn,2002-10-21T14:12:11.577,109236242.536397,,,,spice_fail:SpiceSPKINSUFFDATA
co-iss-n1454727359,REFUSED,,Hyperion,2004-02-06T02:33:06.307,,,,,
co-iss-n1454729699,REFUSED,,Enceladus,2004-02-06T03:12:06.412,,,,,
co-iss-n1455655625,REFUSED,,Tethys,2004-02-16T20:24:06.361,,,,,
co-iss-n1455891186,REFUSED,,Phoebe,2004-02-19T13:50:04.895,,,,,
co-iss-n1455932826,REFUSED,,Rhea,2004-02-20T01:24:05.543,,,,,
co-iss-n1457697558,REFUSED,,Iapetus,2004-03-11T11:36:05.990,,,,,
co-iss-n1457699118,REFUSED,,Titan,2004-03-11T12:02:05.840,,,,,
co-iss-n1458349882,REFUSED,,Mimas,2004-03-19T00:48:05.734,,,,,
co-iss-n1459595749,REFUSED,,Prometheus,2004-04-02T10:52:24.094,,,,,
co-iss-n1459605008,REFUSED,,Saturn Rings,2004-04-02T13:25:57.698,,,,,
co-iss-n1459727015,DEGRADED,saturn_rings,Saturn Rings,2004-04-03T23:20:09.099,75519999.649253,44124715.181,0.711512,,;pxform_fail:SpiceNOFRAMECONNECT
co-iss-n1459727048,DEGRADED,saturn_rings,Saturn Rings,2004-04-03T23:20:42.243,80459356.550652,44124536.571,0.823461,,;pxform_fail:SpiceNOFRAMECONNECT
co-iss-n1459727088,DEGRADED,saturn_rings,Saturn Rings,2004-04-03T23:21:19.131,82446011.291263,44124337.785,0.868493,,;pxform_fail:SpiceNOFRAMECONNECT
co-iss-n1459727128,DEGRADED,saturn_rings,Saturn Rings,2004-04-03T23:22:00.330,77652629.042989,44124115.768,0.759868,,;pxform_fail:SpiceNOFRAMECONNECT
co-iss-n1459803935,DEGRADED,saturn_rings,Saturn Rings,2004-04-04T20:38:29.422,92202953.467966,43711325.390,1.109361,,;pxform_fail:SpiceNOFRAMECONNECT
co-iss-n1459803991,REFUSED,,Saturn Rings,2004-04-04T20:42:33.430,,,,,
co-iss-n1459805431,REFUSED,,Saturn Rings,2004-04-04T21:03:25.401,,,,,
co-iss-n1459806039,DEGRADED,saturn_rings,Saturn Rings,2004-04-04T21:15:33.397,94247780.141587,43699337.208,1.156732,,;pxform_fail:SpiceNOFRAMECONNECT
co-iss-n1459808886,REFUSED,,Saturn Rings,2004-04-04T22:04:40.126,,,,,
co-iss-n1459823196,DEGRADED,saturn_rings,Epimetheus,2004-04-05T02:03:09.613,74437704.163001,43606315.797,0.707040,,;pxform_fail:SpiceNOFRAMECONNECT
co-iss-n1459828326,DEGRADED,saturn_rings,Saturn Rings,2004-04-05T03:28:39.984,71807794.321128,43578659.000,0.647774,,;pxform_fail:SpiceNOFRAMECONNECT
co-iss-n1459878186,REFUSED,,Saturn Rings,2004-04-05T17:19:39.675,,,,,
co-iss-n1460273634,NOMINAL,titan,Titan,2004-04-10T07:09:47.355,27735795.698925,41735683.262,0.335442,,;pxform_fail:SpiceNOFRAMECONNECT
co-iss-n1460285049,DEGRADED,saturn_rings,Pandora,2004-04-10T10:20:39.605,69875741.079767,41114802.811,0.699528,,;pxform_fail:SpiceNOFRAMECONNECT
co-iss-n1460625337,REFUSED,,Titan,2004-04-14T08:52:05.809,,,,,
co-iss-n1461313661,REFUSED,,Mimas,2004-04-22T08:04:05.466,,,,,
co-iss-n1463011407,DEGRADED,saturn_rings,Janus,2004-05-11T23:39:39.848,58215246.843141,26278011.240,1.215360,,;pxform_fail:SpiceNOFRAMECONNECT
co-iss-n1463331415,REFUSED,,Iapetus,2004-05-15T16:33:06.324,,,,,
co-iss-n1463628417,REFUSED,,Enceladus,2004-05-19T03:03:06.450,,,,,
co-iss-n1463734497,REFUSED,,Rhea,2004-05-20T08:31:05.739,,,,,
co-iss-n1464507171,REFUSED,,Atlas,2004-05-29T07:08:54.106,,,,,
co-iss-n1464548523,REFUSED,,Dione,2004-05-29T18:38:06.437,,,,,
co-iss-n1464874625,REFUSED,,Iapetus,2004-06-02T13:13:06.273,,,,,
co-iss-n1465024225,REFUSED,,Dione,2004-06-04T06:46:24.739,,,,,
co-iss-n1465737790,DEGRADED,titan,Rhea,2004-06-12T12:59:05.691,29648609.195402,11787112.461,1.515341,,;pxform_fail:SpiceNOFRAMECONNECT
co-iss-n1466445929,NOMINAL,tethys,Tethys,2004-06-20T17:41:19.159,4792914.342342,6521433.089,0.265052,,;pxform_fail:SpiceNOFRAMECONNECT
co-iss-n1466445948,NOMINAL,tethys,Tethys,2004-06-20T17:41:38.943,4926050.851852,6521177.675,0.244607,,;pxform_fail:SpiceNOFRAMECONNECT
co-iss-n1466445967,NOMINAL,tethys,Tethys,2004-06-20T17:41:57.903,4926050.851852,6520933.023,0.244579,,;pxform_fail:SpiceNOFRAMECONNECT
co-iss-n1466445987,NOMINAL,tethys,Tethys,2004-06-20T17:42:17.350,4792914.342342,6520682.213,0.264967,,;pxform_fail:SpiceNOFRAMECONNECT
co-iss-n1466446025,NOMINAL,tethys,Tethys,2004-06-20T17:42:55.354,4926050.851852,6520192.441,0.244493,,;pxform_fail:SpiceNOFRAMECONNECT
co-iss-n1466514752,REFUSED,,Enceladus,2004-06-21T12:48:20.762,,,,,
co-iss-n1469848237,REFUSED,,Enceladus,2004-07-30T02:46:05.940,,,,,
co-iss-n1470494381,REFUSED,,Enceladus,2004-08-06T14:15:05.732,,,,,
co-iss-n1474254737,REFUSED,,Saturn,2004-09-19T02:47:02.285,,,,,
co-iss-n1474255052,NOMINAL,saturn,Saturn,2004-09-19T02:52:22.318,20275286.288213,8280314.014,1.448613,,;pxform_fail:SpiceNOFRAMECONNECT
co-iss-n1474255494,NOMINAL,saturn,Saturn,2004-09-19T02:59:32.291,37976636.278071,8279946.294,3.586580,,;pxform_fail:SpiceNOFRAMECONNECT
co-iss-n1474259673,REFUSED,,Saturn,2004-09-19T04:09:25.072,,,,,
co-iss-n1474260452,NOMINAL,saturn,Saturn,2004-09-19T04:22:22.283,19942561.796469,8275689.256,1.409777,,;pxform_fail:SpiceNOFRAMECONNECT
co-iss-n1476593665,REFUSED,,Prometheus,2004-10-16T04:29:09.336,,,,,
co-iss-n1478411947,REFUSED,,Calypso,2004-11-06T05:33:39.470,,,,,
co-iss-n1479721530,REFUSED,,Telesto,2004-11-21T09:19:53.923,,,,,
co-iss-n1479723600,REFUSED,,Helene,2004-11-21T09:54:23.910,,,,,
co-iss-n1488887385,REFUSED,,Pan,2005-03-07T11:23:09.428,,,,,
co-iss-n1496908032,REFUSED,,Polydeuces,2005-06-08T07:19:43.774,,,,,
co-iss-n1501557414,REFUSED,,Pallene,2005-08-01T02:48:55.445,,,,,
co-iss-n1503914274,REFUSED,,Methone,2005-08-28T09:29:42.851,,,,,
co-iss-n1520601463,REFUSED,,Saturn,2006-03-09T12:47:43.437,,,,,
co-iss-n1520601919,NOMINAL,saturn,Saturn,2006-03-09T12:55:12.207,75953317.201537,2915689.583,25.049864,,;pxform_fail:SpiceNOFRAMECONNECT
co-iss-n1520603948,NOMINAL,saturn,Saturn,2006-03-09T13:29:08.402,18988273.493615,2915421.795,5.513045,,;pxform_fail:SpiceNOFRAMECONNECT
co-iss-n1520604644,NOMINAL,saturn,Saturn,2006-03-09T13:40:41.598,76251173.463918,2915327.037,25.155273,,;pxform_fail:SpiceNOFRAMECONNECT
co-iss-n1521540615,REFUSED,,Daphnis,2006-03-20T09:40:10.405,,,,,
co-iss-n1521540651,REFUSED,,Daphnis,2006-03-20T09:40:46.389,,,,,
co-iss-n1521540684,REFUSED,,Daphnis,2006-03-20T09:41:19.389,,,,,
co-iss-n1521540724,REFUSED,,Daphnis,2006-03-20T09:41:59.389,,,,,
co-iss-n1542051156,REFUSED,,Saturn Rings,2006-11-12T19:00:20.356,,,,,
co-iss-n1542069846,REFUSED,,Saturn Rings,2006-11-13T00:11:50.277,,,,,
co-iss-n1554021811,REFUSED,,Pluto,2007-03-31T08:09:13.760,,,,,
co-iss-n1557224116,REFUSED,,Skathi,2007-05-07T09:40:02.480,,,,,
co-iss-n1557225940,REFUSED,,Mundilfari,2007-05-07T10:10:26.453,,,,,
co-iss-n1557228653,REFUSED,,Kiviuq,2007-05-07T10:55:39.436,,,,,
co-iss-n1557228849,REFUSED,,Kiviuq,2007-05-07T10:58:55.435,,,,,
co-iss-n1557900912,REFUSED,,Ijiraq,2007-05-15T05:39:54.187,,,,,
co-iss-n1558092237,REFUSED,,Bestla,2007-05-17T10:48:37.979,,,,,
co-iss-n1558092335,REFUSED,,Bestla,2007-05-17T10:50:15.979,,,,,
co-iss-n1559278887,REFUSED,,Fornjot,2007-05-31T04:26:00.454,,,,,
co-iss-n1559471068,REFUSED,,Siarnaq,2007-06-02T09:49:00.272,,,,,
co-iss-n1559472117,REFUSED,,Siarnaq,2007-06-02T10:06:29.230,,,,,
co-iss-n1559769392,REFUSED,,Paaliaq,2007-06-05T20:41:02.348,,,,,
co-iss-n1559969027,REFUSED,,S/2004 S 13,2007-06-08T04:08:16.115,,,,,
co-iss-n1559969321,REFUSED,,S/2004 S 13,2007-06-08T04:13:10.113,,,,,
co-iss-n1559969719,REFUSED,,S/2004 S 13,2007-06-08T04:19:48.119,,,,,
co-iss-n1559970441,REFUSED,,Hati,2007-06-08T04:31:50.087,,,,,
co-iss-n1561405712,REFUSED,,Tarvos,2007-06-24T19:12:51.987,,,,,
co-iss-n1561406104,REFUSED,,Tarvos,2007-06-24T19:19:23.992,,,,,
co-iss-n1562857683,REFUSED,,Erriapus,2007-07-11T14:32:13.809,,,,,
co-iss-n1565237024,NOMINAL,saturn,Saturn,2007-08-08T03:28:59.727,38733144.151058,4147698.009,8.338468,,;pxform_fail:SpiceNOFRAMECONNECT
co-iss-n1565241108,REFUSED,,Saturn,2007-08-08T04:37:03.701,,,,,
co-iss-n1565246516,REFUSED,,Saturn,2007-08-08T06:07:11.667,,,,,
co-iss-n1574794592,REFUSED,,Erriapus,2007-11-26T18:19:24.094,,,,,
co-iss-n1574852987,REFUSED,,Ymir,2007-11-27T10:32:38.631,,,,,
co-iss-n1574853809,REFUSED,,Ymir,2007-11-27T10:46:20.644,,,,,
co-iss-n1575064459,REFUSED,,Paaliaq,2007-11-29T21:17:09.129,,,,,
co-iss-n1575551438,DEGRADED,io,Titan,2007-12-05T12:34:08.696,1190301.192091,1878531845.295,0.999366,,;pxform_fail:SpiceNOFRAMECONNECT
co-iss-n1575551688,DEGRADED,io,Titan,2007-12-05T12:38:24.698,2180086.890496,1878533818.970,0.998839,,;pxform_fail:SpiceNOFRAMECONNECT
co-iss-n1575553785,DEGRADED,saturn,Titan,2007-12-05T13:13:35.683,38351159.902476,1399523.197,26.403018,,;pxform_fail:SpiceNOFRAMECONNECT
co-iss-n1577398802,REFUSED,,Kiviuq,2007-12-26T21:42:35.671,,,,,
co-iss-n1577457495,REFUSED,,Anthe,2007-12-27T14:02:09.584,,,,,
co-iss-n1577457538,REFUSED,,Anthe,2007-12-27T14:02:53.128,,,,,
co-iss-n1579169483,REFUSED,,Saturn Rings,2008-01-16T09:35:05.893,,,,,
co-iss-n1596022242,REFUSED,,Saturn Rings,2008-07-29T10:52:26.272,,,,,
co-iss-n1596022302,REFUSED,,Saturn Rings,2008-07-29T10:53:26.271,,,,,
co-iss-n1596022347,REFUSED,,Saturn Rings,2008-07-29T10:54:11.271,,,,,
co-iss-n1596022407,REFUSED,,Saturn Rings,2008-07-29T10:55:11.270,,,,,
co-iss-n1596022452,REFUSED,,Saturn Rings,2008-07-29T10:55:56.270,,,,,
co-iss-n1596022512,REFUSED,,Saturn Rings,2008-07-29T10:56:56.270,,,,,
co-iss-n1610125007,REFUSED,,Suttungr,2009-01-08T16:16:44.987,,,,,
co-iss-n1617662998,REFUSED,,Thrymr,2009-04-05T22:07:45.984,,,,,
co-iss-n1620640892,DEGRADED,saturn_rings,Saturn Rings,2009-05-10T09:20:19.593,47362509.811318,935091.752,49.650120,,;pxform_fail:SpiceNOFRAMECONNECT
co-iss-n1620642257,DEGRADED,saturn_rings,Saturn Rings,2009-05-10T09:43:04.583,45651158.969399,936110.321,47.766858,,;pxform_fail:SpiceNOFRAMECONNECT
co-iss-n1620646352,DEGRADED,saturn_rings,Saturn Rings,2009-05-10T10:51:19.554,47218986.217026,939272.003,49.271898,,;pxform_fail:SpiceNOFRAMECONNECT
co-iss-n1628416567,REFUSED,,Saturn,2009-08-08T09:11:00.557,,,,,
co-iss-n1628421211,REFUSED,,Saturn,2009-08-08T10:28:24.524,,,,,
co-iss-n1628425316,REFUSED,,Saturn,2009-08-08T11:36:49.503,,,,,
co-iss-n1628426716,REFUSED,,Saturn,2009-08-08T12:00:09.493,,,,,
co-iss-n1628427316,REFUSED,,Saturn,2009-08-08T12:10:09.489,,,,,
co-iss-n1628433764,REFUSED,,Saturn,2009-08-08T13:57:37.435,,,,,
co-iss-n1630961062,REFUSED,,Kari,2009-09-06T20:01:01.440,,,,,
co-iss-n1631614576,REFUSED,,Ijiraq,2009-09-14T09:32:24.879,,,,,
co-iss-n1644268128,REFUSED,,Skoll,2010-02-07T20:21:49.052,,,,,
co-iss-n1648533433,REFUSED,,Bebhionn,2010-03-29T05:11:21.712,,,,,
co-iss-n1650145965,REFUSED,,Albiorix,2010-04-16T21:06:42.163,,,,,
co-iss-n1650147103,REFUSED,,Albiorix,2010-04-16T21:24:02.182,,,,,
co-iss-n1661529677,REFUSED,,Hyrrokkin,2010-08-26T15:13:34.658,,,,,
co-iss-n1661582175,REFUSED,,Greip,2010-08-27T05:46:32.281,,,,,
co-iss-n1667135008,REFUSED,,Bergelmir,2010-10-30T12:00:05.434,,,,,
co-iss-n1684084195,REFUSED,,S/2004 S 12,2011-05-14T16:17:45.049,,,,,
co-iss-n1691633139,NOMINAL,saturn,Saturn,2011-08-10T01:16:20.897,37976636.278071,2692568.147,13.104243,,;pxform_fail:SpiceNOFRAMECONNECT
co-iss-n1691635643,NOMINAL,saturn,Saturn,2011-08-10T01:58:00.661,37976636.278071,2694558.392,13.093826,,;pxform_fail:SpiceNOFRAMECONNECT
co-iss-n1691636719,REFUSED,,Saturn,2011-08-10T02:15:58.054,,,,,
co-iss-n1691767707,REFUSED,,Tarqeq,2011-08-11T14:31:28.426,,,,,
co-iss-n1697869850,REFUSED,,Loge,2011-10-21T05:33:12.806,,,,,
co-iss-n1709936623,REFUSED,,Jarnsaxa,2012-03-08T21:24:49.374,,,,,
co-iss-n1734876022,REFUSED,,Surtur,2012-12-22T12:58:49.073,,,,,
co-iss-n1737253518,REFUSED,,Saturn Rings,2013-01-19T01:31:09.429,,,,,
co-iss-n1737255170,REFUSED,,Saturn Rings,2013-01-19T01:58:41.419,,,,,
co-iss-n1737256468,REFUSED,,Saturn Rings,2013-01-19T02:20:19.410,,,,,
co-iss-n1737261070,REFUSED,,Saturn Rings,2013-01-19T03:37:01.381,,,,,
co-iss-n1743017284,REFUSED,,Narvi,2013-03-26T18:25:39.409,,,,,
co-iss-n1747571767,REFUSED,,Saturn,2013-05-18T11:40:52.762,,,,,
co-iss-n1747572767,REFUSED,,Saturn,2013-05-18T11:57:32.756,,,,,
co-iss-n1747573887,REFUSED,,Saturn,2013-05-18T12:16:12.749,,,,,
co-iss-n1747574607,REFUSED,,Saturn,2013-05-18T12:28:12.744,,,,,
co-iss-n1747574727,REFUSED,,Saturn,2013-05-18T12:30:12.743,,,,,
co-iss-n1747574887,REFUSED,,Saturn,2013-05-18T12:32:52.742,,,,,
co-iss-n1747575287,REFUSED,,Saturn,2013-05-18T12:39:32.740,,,,,
co-iss-n1747575447,REFUSED,,Saturn,2013-05-18T12:42:12.739,,,,,
co-iss-n1749571907,NOMINAL,titan,Titan,2013-06-10T15:16:12.517,925519.319861,1432832.353,0.354063,,;pxform_fail:SpiceNOFRAMECONNECT
co-iss-n1749926659,NOMINAL,titan,Titan,2013-06-14T17:48:12.465,1535372.965238,1948210.231,0.211906,,;pxform_fail:SpiceNOFRAMECONNECT
co-iss-n1749927061,NOMINAL,titan,Titan,2013-06-14T17:55:32.098,3038195.974529,1949966.015,0.558076,,;pxform_fail:SpiceNOFRAMECONNECT
co-iss-n1749927214,NOMINAL,titan,Titan,2013-06-14T17:57:19.481,1414159.073053,1950394.738,0.274937,,;pxform_fail:SpiceNOFRAMECONNECT
co-iss-n1750350622,NOMINAL,titan,Titan,2013-06-19T15:34:12.841,1791268.905011,2351772.311,0.238332,,;pxform_fail:SpiceNOFRAMECONNECT
co-iss-n1752108758,REFUSED,,Titan,2013-07-09T23:56:09.679,,,,,
co-iss-n1752969201,REFUSED,,Earth,2013-07-19T22:57:28.630,,,,,
co-iss-n1752969273,REFUSED,,Earth,2013-07-19T22:58:19.229,,,,,
co-iss-n1820702709,REFUSED,,Saturn,2015-09-11T21:41:37.168,,,,,
co-iss-n1820702997,REFUSED,,Saturn,2015-09-11T21:46:25.166,,,,,
co-iss-n1820703789,REFUSED,,Saturn,2015-09-11T21:59:37.161,,,,,
co-iss-n1820704509,REFUSED,,Saturn,2015-09-11T22:11:37.156,,,,,
co-iss-n1820705013,REFUSED,,Saturn,2015-09-11T22:20:01.153,,,,,
co-iss-n1820705517,REFUSED,,Saturn,2015-09-11T22:28:25.150,,,,,
co-iss-n1820707317,REFUSED,,Saturn,2015-09-11T22:58:25.138,,,,,
co-iss-n1820707533,REFUSED,,Saturn,2015-09-11T23:02:01.137,,,,,
co-iss-n1835925393,REFUSED,,Saturn Rings,2016-03-06T02:11:54.686,,,,,
co-iss-n1835932295,REFUSED,,Saturn Rings,2016-03-06T04:06:56.641,,,,,
co-iss-n1835937979,REFUSED,,Saturn Rings,2016-03-06T05:41:40.603,,,,,
co-iss-n1835942445,REFUSED,,Saturn Rings,2016-03-06T06:56:06.574,,,,,
co-iss-n1835943663,REFUSED,,Saturn Rings,2016-03-06T07:16:24.566,,,,,
co-iss-n1835945287,REFUSED,,Saturn Rings,2016-03-06T07:43:28.556,,,,,
co-iss-n1835946505,REFUSED,,Saturn Rings,2016-03-06T08:03:46.548,,,,,
co-iss-n1835949347,REFUSED,,Saturn Rings,2016-03-06T08:51:08.529,,,,,
co-iss-n1835950862,DEGRADED,saturn_rings,Saturn Rings,2016-03-06T09:16:23.519,46700093.200776,1758944.943,25.550060,,;pxform_fail:SpiceNOFRAMECONNECT
co-iss-w1349081639,REFUSED,,Jupiter,2000-10-01T08:43:15.232,,,,,
co-iss-w1349081680,REFUSED,,Jupiter,2000-10-01T08:43:56.494,,,,,
co-iss-w1349081745,REFUSED,,Jupiter,2000-10-01T08:45:01.466,,,,,
co-iss-w1349105680,DEGRADED,iapetus,Jupiter,2000-10-01T15:23:56.306,7218276.470588,,,,spice_fail:SpiceSPKINSUFFDATA
co-iss-w1565236658,DEGRADED,titan,Saturn,2007-08-08T03:22:55.709,1802534.762653,5233638.131,0.655587,,;pxform_fail:SpiceNOFRAMECONNECT
co-iss-w1565240925,DEGRADED,titan,Saturn,2007-08-08T04:34:02.682,1769154.443428,5244162.241,0.662643,,;pxform_fail:SpiceNOFRAMECONNECT
co-iss-w1575551438,NOMINAL,titan,Titan,2007-12-05T12:34:31.696,3944080.479369,267566.276,13.740574,,;pxform_fail:SpiceNOFRAMECONNECT
co-iss-w1575552408,NOMINAL,titan,Titan,2007-12-05T12:50:41.689,3999114.176008,273395.904,13.627557,,;pxform_fail:SpiceNOFRAMECONNECT
co-iss-w1575555151,NOMINAL,titan,Titan,2007-12-05T13:36:24.654,4235515.077516,289898.515,13.610337,,;pxform_fail:SpiceNOFRAMECONNECT
co-iss-w1575588899,DEGRADED,dione,Titan,2007-12-05T22:59:07.411,3177206.824859,1343515.001,1.364847,,;pxform_fail:SpiceNOFRAMECONNECT
co-iss-w1576842869,NOMINAL,titan,Titan,2007-12-20T11:18:20.398,3371801.958882,251356.085,12.414443,,;pxform_fail:SpiceNOFRAMECONNECT
co-iss-w1576846797,NOMINAL,titan,Titan,2007-12-20T12:23:46.571,3092839.812957,227482.465,12.595948,,;pxform_fail:SpiceNOFRAMECONNECT
co-iss-w1577457538,REFUSED,,Anthe,2007-12-27T14:02:53.148,,,,,
co-iss-w1579176488,REFUSED,,Saturn Rings,2008-01-16T11:31:51.064,,,,,
co-iss-w1579178787,REFUSED,,Saturn Rings,2008-01-16T12:10:10.037,,,,,
co-iss-w1579179448,REFUSED,,Saturn Rings,2008-01-16T12:21:11.048,,,,,
co-iss-w1579183262,DEGRADED,saturn_rings,Saturn Rings,2008-01-16T13:24:45.046,91840662.326655,571669.882,159.653316,,;pxform_fail:SpiceNOFRAMECONNECT
co-iss-w1579188884,REFUSED,,Saturn Rings,2008-01-16T14:58:27.006,,,,,
co-iss-w1579250166,DEGRADED,saturn_rings,Saturn Rings,2008-01-17T07:59:48.584,66213687.920807,979648.101,66.589258,,;pxform_fail:SpiceNOFRAMECONNECT
co-iss-w1596023420,REFUSED,,Saturn Rings,2008-07-29T11:12:04.253,,,,,
co-iss-w1617662998,REFUSED,,Thrymr,2009-04-05T22:07:45.984,,,,,
co-iss-w1620495938,REFUSED,,Saturn Rings,2009-05-08T17:04:27.794,,,,,
co-iss-w1630961062,REFUSED,,Kari,2009-09-06T20:01:56.880,,,,,
co-iss-w1643264504,REFUSED,,Aegaeon,2010-01-27T05:37:42.221,,,,,
co-iss-w1691660167,DEGRADED,titan,Saturn,2011-08-10T08:46:49.105,1077453.671317,1701898.944,0.366911,,;pxform_fail:SpiceNOFRAMECONNECT
co-iss-w1691660267,DEGRADED,titan,Saturn,2011-08-10T08:48:28.460,2122985.790191,1702293.494,0.247133,,;pxform_fail:SpiceNOFRAMECONNECT
