image_id,body,timestamp_utc,split
co-iss-w1308947228,venus,1999-06-24T20:20:51.615,train
co-iss-n1308947228,venus,1999-06-24T20:20:51.623,train
co-iss-n1308947273,venus,1999-06-24T20:21:36.626,train
co-iss-n1308947314,venus,1999-06-24T20:22:17.595,train
co-iss-n1313633890,moon,1999-08-18T02:11:22.869,train
co-iss-w1349087639,jupiter,2000-10-01T10:23:15.170,train
co-iss-n1349087745,jupiter,2000-10-01T10:24:59.945,train
co-iss-n1349087823,jupiter,2000-10-01T10:26:19.196,train
co-iss-n1349093639,jupiter,2000-10-01T12:03:11.588,train
co-iss-w1349093680,jupiter,2000-10-01T12:03:56.390,train
co-iss-n1349093790,jupiter,2000-10-01T12:05:45.586,train
co-iss-n1349093893,jupiter,2000-10-01T12:07:28.194,train
co-iss-n1349099680,jupiter,2000-10-01T13:43:53.153,train
co-iss-n1349099745,jupiter,2000-10-01T13:44:59.860,train
co-iss-n1349105790,jupiter,2000-10-01T15:25:45.502,train
co-iss-n1349105893,jupiter,2000-10-01T15:27:28.109,train
co-iss-n1349111680,jupiter,2000-10-01T17:03:53.069,train
co-iss-n1349111745,jupiter,2000-10-01T17:04:59.776,train
co-iss-n1349111860,jupiter,2000-10-01T17:06:56.200,train
co-iss-n1349153400,jupiter,2000-10-02T04:39:12.187,train
co-iss-n1349153470,jupiter,2000-10-02T04:40:24.798,train
co-iss-n1349153654,jupiter,2000-10-02T04:43:28.774,train
co-iss-n1349159506,jupiter,2000-10-02T06:21:00.440,train
co-iss-n1349159621,jupiter,2000-10-02T06:22:56.864,train
co-iss-n1349165400,jupiter,2000-10-02T07:59:12.083,train
co-iss-n1355379238,europa,2000-12-13T06:02:30.950,train
co-iss-n1355702341,io,2000-12-16T23:47:29.338,train
co-iss-n1355702585,io,2000-12-16T23:51:23.754,train
co-iss-n1355863292,himalia,2000-12-18T20:30:01.162,train
co-iss-n1355863332,himalia,2000-12-18T20:30:37.830,train
co-iss-n1355863365,himalia,2000-12-18T20:31:13.633,train
co-iss-n1355863398,himalia,2000-12-18T20:31:47.537,train
co-iss-n1356764498,ganymede,2000-12-29T06:50:00.787,train
co-iss-n1356764531,ganymede,2000-12-29T06:50:34.457,train
co-iss-n1356764564,ganymede,2000-12-29T06:51:07.207,train
co-iss-n1356764597,ganymede,2000-12-29T06:51:39.786,train
co-iss-n1356766829,callisto,2000-12-29T07:28:52.405,train
co-iss-n1357343216,jupiter,2001-01-04T23:35:14.894,train
co-iss-n1357343818,jupiter,2001-01-04T23:45:16.482,train
co-iss-n1357344192,jupiter,2001-01-04T23:51:30.452,train
co-iss-n1357344889,jupiter,2001-01-05T00:02:36.342,train
co-iss-w1357345279,jupiter,2001-01-05T00:09:38.220,train
co-iss-n1357346428,jupiter,2001-01-05T00:28:46.872,train
co-iss-n1357347084,jupiter,2001-01-05T00:39:42.867,train
co-iss-n1357347688,jupiter,2001-01-05T00:49:46.863,train
co-iss-w1357348716,jupiter,2001-01-05T01:06:55.136,train
co-iss-w1357349336,jupiter,2001-01-05T01:17:15.302,train
co-iss-n1357350509,jupiter,2001-01-05T01:36:47.951,train
co-iss-n1357350619,jupiter,2001-01-05T01:38:35.111,train
co-iss-n1357350993,jupiter,2001-01-05T01:44:49.108,train
co-iss-w1357352363,jupiter,2001-01-05T02:07:42.286,train
co-iss-n1373701555,saturn,2001-07-13T07:32:10.375,train
co-iss-n1373701588,saturn,2001-07-13T07:32:51.883,train
co-iss-n1373701628,saturn,2001-07-13T07:33:30.187,train
co-iss-n1373701676,saturn,2001-07-13T07:34:13.190,train
co-iss-n1373701732,saturn,2001-07-13T07:35:02.394,train
co-iss-n1373701772,saturn,2001-07-13T07:35:54.201,train
co-iss-n1373701812,saturn,2001-07-13T07:36:33.605,train
co-iss-n1373701860,saturn,2001-07-13T07:37:17.208,train
co-iss-n1373701916,saturn,2001-07-13T07:38:06.412,train
co-iss-n1373701988,saturn,2001-07-13T07:39:01.419,train
co-iss-n1373702392,saturn,2001-07-13T07:45:51.377,train
co-iss-n1373702464,saturn,2001-07-13T07:46:57.381,train
co-iss-n1373702536,saturn,2001-07-13T07:48:09.384,train
co-iss-n1373702728,saturn,2001-07-13T07:51:21.398,train
co-iss-n1373702776,saturn,2001-07-13T07:52:29.402,train
co-iss-n1373702809,saturn,2001-07-13T07:53:12.906,train
co-iss-n1373702843,saturn,2001-07-13T07:53:48.087,train
co-iss-n1373702915,saturn,2001-07-13T07:54:38.354,train
co-iss-n1373702987,saturn,2001-07-13T07:55:50.358,train
co-iss-n1373703059,saturn,2001-07-13T07:57:02.361,train
co-iss-n1373703107,saturn,2001-07-13T07:58:00.365,train
co-iss-n1373703155,saturn,2001-07-13T07:58:48.372,train
co-iss-n1373703203,saturn,2001-07-13T07:59:36.376,train
co-iss-n1373703236,saturn,2001-07-13T08:00:20.819,train
co-iss-n1373703270,saturn,2001-07-13T08:00:54.784,train
co-iss-n1373703303,saturn,2001-07-13T08:01:27.791,train
co-iss-n1373703343,saturn,2001-07-13T08:02:05.755,train
co-iss-n1373703383,saturn,2001-07-13T08:02:45.759,train
co-iss-n1373703423,saturn,2001-07-13T08:03:25.762,train
co-iss-n1373703479,saturn,2001-07-13T08:04:06.370,train
co-iss-n1373703535,saturn,2001-07-13T08:05:02.373,train
co-iss-n1373703591,saturn,2001-07-13T08:05:58.377,train
co-iss-n1373703663,saturn,2001-07-13T08:07:06.380,train
co-iss-n1373703735,saturn,2001-07-13T08:08:18.387,train
co-iss-n1373703807,saturn,2001-07-13T08:09:26.391,train
co-iss-n1373703879,saturn,2001-07-13T08:10:32.394,train
co-iss-n1373704023,saturn,2001-07-13T08:12:56.405,train
co-iss-n1373704095,saturn,2001-07-13T08:14:08.408,train
co-iss-n1373704167,saturn,2001-07-13T08:15:20.412,train
co-iss-n1373704239,saturn,2001-07-13T08:16:32.415,train
co-iss-n1373704272,saturn,2001-07-13T08:17:37.333,train
co-iss-n1413901895,saturn,2002-10-21T14:13:15.081,train
co-iss-n1413901957,saturn,2002-10-21T14:14:15.388,train
co-iss-n1413902027,saturn,2002-10-21T14:15:20.392,train
co-iss-n1413902167,saturn,2002-10-21T14:17:45.398,train
co-iss-n1413902377,saturn,2002-10-21T14:21:03.609,train
co-iss-n1413902676,saturn,2002-10-21T14:26:15.556,train
co-iss-n1413902957,saturn,2002-10-21T14:30:26.569,train
co-iss-n1413903239,saturn,2002-10-21T14:35:08.567,train
co-iss-n1413903567,saturn,2002-10-21T14:40:56.581,train
co-iss-n1413903772,saturn,2002-10-21T14:44:11.556,train
co-iss-n1413904100,saturn,2002-10-21T14:49:49.557,train
co-iss-n1413904281,saturn,2002-10-21T14:53:01.984,train
co-iss-n1413904522,saturn,2002-10-21T14:57:00.951,train
co-iss-n1413904756,saturn,2002-10-21T15:00:39.553,train
co-iss-n1413905132,saturn,2002-10-21T15:06:41.554,train
co-iss-n1413905414,saturn,2002-10-21T15:11:23.552,train
co-iss-n1454725799,rhea,2004-02-06T02:07:06.418,train
co-iss-n1454726579,titan,2004-02-06T02:20:06.232,train
co-iss-n1454728139,phoebe,2004-02-06T02:46:05.482,train
co-iss-n1454728919,iapetus,2004-02-06T02:59:06.357,train
co-iss-n1454730479,mimas,2004-02-06T03:25:06.347,train
co-iss-n1455059120,janus,2004-02-09T22:42:24.643,train
co-iss-n1455059435,prometheus,2004-02-09T22:47:39.641,train
co-iss-n1455059735,calypso,2004-02-09T22:52:39.639,train
co-iss-n1455060065,epimetheus,2004-02-09T22:58:09.637,train
co-iss-n1455060365,atlas,2004-02-09T23:03:09.635,train
co-iss-n1455287282,phoebe,2004-02-12T14:05:04.834,train
co-iss-n1455657185,titan,2004-02-16T20:50:06.161,train
co-iss-n1455658745,iapetus,2004-02-16T21:16:06.291,train
co-iss-n1455661085,hyperion,2004-02-16T21:55:06.216,train
co-iss-n1455662244,dione,2004-02-16T22:14:24.708,train
co-iss-n1455662559,pandora,2004-02-16T22:19:39.706,train
co-iss-n1455663489,enceladus,2004-02-16T22:35:09.700,train
co-iss-n1455892746,mimas,2004-02-19T14:16:05.764,train
co-iss-n1455893526,titan,2004-02-19T14:29:05.619,train
co-iss-n1456261869,titan,2004-02-23T20:48:06.216,train
co-iss-n1456494310,phoebe,2004-02-26T13:22:04.960,train
co-iss-n1456495870,titan,2004-02-26T13:48:05.690,train
co-iss-n1456496650,iapetus,2004-02-26T14:01:05.825,train
co-iss-n1457140754,hyperion,2004-03-05T00:56:05.562,train
co-iss-n1457467457,dione,2004-03-08T19:41:06.531,train
co-iss-n1457469617,phoebe,2004-03-08T20:17:05.597,train
co-iss-n1457744658,rhea,2004-03-12T00:41:05.723,train
co-iss-n1457745438,dione,2004-03-12T00:54:05.717,train
co-iss-n1458072920,titan,2004-03-15T19:52:05.401,train
co-iss-n1458075024,helene,2004-03-15T20:27:08.967,train
co-iss-n1458303022,hyperion,2004-03-18T11:47:05.980,train
co-iss-n1458349462,dione,2004-03-19T00:41:05.777,train
co-iss-n1458673344,titan,2004-03-22T18:39:05.484,train
co-iss-n1458677544,iapetus,2004-03-22T19:49:05.596,train
co-iss-n1458903806,tethys,2004-03-25T10:40:06.170,train
co-iss-n1458908486,titan,2004-03-25T11:58:05.950,train
co-iss-n1458950906,hyperion,2004-03-25T23:45:05.753,train
co-iss-n1459276468,enceladus,2004-03-29T18:11:05.749,train
co-iss-n1459277308,titan,2004-03-29T18:25:05.544,train
co-iss-n1459510830,titan,2004-04-01T11:17:06.067,train
co-iss-n1459575784,saturn_rings,2004-04-02T05:19:39.644,train
co-iss-n1459582624,saturn_rings,2004-04-02T07:13:39.584,train
co-iss-n1459583710,titan,2004-04-02T07:31:07.837,train
co-iss-n1459583758,titan,2004-04-02T07:32:28.245,train
co-iss-n1459583846,titan,2004-04-02T07:33:15.848,train
co-iss-n1459585434,titan,2004-04-02T07:59:51.826,train
co-iss-n1459587110,titan,2004-04-02T08:28:20.223,train
co-iss-n1459595224,saturn_rings,2004-04-02T10:43:39.502,train
co-iss-n1459600984,saturn_rings,2004-04-02T12:19:39.480,train
co-iss-n1459601524,saturn_rings,2004-04-02T12:28:39.461,train
co-iss-n1459602069,saturn_rings,2004-04-02T12:37:22.733,train
co-iss-n1459602333,saturn_rings,2004-04-02T12:38:28.735,train
co-iss-n1459602389,saturn_rings,2004-04-02T12:42:42.743,train
co-iss-n1459602653,saturn_rings,2004-04-02T12:43:48.745,train
co-iss-n1459602709,saturn_rings,2004-04-02T12:48:02.749,train
co-iss-n1459602973,saturn_rings,2004-04-02T12:49:08.751,train
co-iss-n1459603295,saturn_rings,2004-04-02T12:57:24.710,train
co-iss-n1459603816,saturn_rings,2004-04-02T12:59:11.706,train
co-iss-n1459603888,saturn_rings,2004-04-02T13:07:17.713,train
co-iss-n1459604408,saturn_rings,2004-04-02T13:09:03.714,train
co-iss-n1459605529,saturn_rings,2004-04-02T13:27:44.695,train
co-iss-n1459605601,saturn_rings,2004-04-02T13:35:50.702,train
co-iss-n1459606122,saturn_rings,2004-04-02T13:37:37.691,train
co-iss-n1459607284,saturn_rings,2004-04-02T14:04:39.439,train
co-iss-n1459651415,saturn_rings,2004-04-03T02:20:09.592,train
co-iss-n1459651448,saturn_rings,2004-04-03T02:20:42.735,train
co-iss-n1459651488,saturn_rings,2004-04-03T02:21:19.623,train
co-iss-n1459651528,saturn_rings,2004-04-03T02:22:00.823,train
co-iss-n1459653456,saturn_rings,2004-04-03T02:54:10.563,train
co-iss-n1459653489,saturn_rings,2004-04-03T02:54:43.710,train
co-iss-n1459653530,saturn_rings,2004-04-03T02:55:21.582,train
co-iss-n1459653570,saturn_rings,2004-04-03T02:56:02.782,train
co-iss-n1459658195,saturn_rings,2004-04-03T04:13:10.092,train
co-iss-n1459670135,saturn_rings,2004-04-03T07:32:10.030,train
co-iss-n1459682615,saturn_rings,2004-04-03T11:00:09.949,train
co-iss-n1459729084,saturn_rings,2004-04-03T23:54:38.070,train
co-iss-n1459729118,saturn_rings,2004-04-03T23:55:12.210,train
co-iss-n1459729159,saturn_rings,2004-04-03T23:55:50.090,train
co-iss-n1459729199,saturn_rings,2004-04-03T23:56:31.290,train
co-iss-n1459733315,saturn_rings,2004-04-04T01:05:09.618,train
co-iss-n1459745915,saturn_rings,2004-04-04T04:35:09.536,train
co-iss-n1459752783,saturn_rings,2004-04-04T06:29:37.476,train
co-iss-n1459803126,saturn_rings,2004-04-04T20:28:40.148,train
co-iss-n1459803671,saturn_rings,2004-04-04T20:37:13.420,train
co-iss-n1459804255,saturn_rings,2004-04-04T20:43:49.432,train
co-iss-n1459804295,saturn_rings,2004-04-04T20:47:54.436,train
co-iss-n1459804399,saturn_rings,2004-04-04T20:48:31.439,train
co-iss-n1459804766,saturn_rings,2004-04-04T20:54:20.397,train
co-iss-n1459805030,saturn_rings,2004-04-04T20:56:44.403,train
co-iss-n1459805167,saturn_rings,2004-04-04T21:01:01.395,train
co-iss-n1459805903,saturn_rings,2004-04-04T21:14:25.390,train
co-iss-n1459806760,saturn_rings,2004-04-04T21:22:54.392,train
co-iss-n1459807529,saturn_rings,2004-04-04T21:40:03.379,train
co-iss-n1459810560,titan,2004-04-04T22:32:28.767,train
co-iss-n1459812276,titan,2004-04-04T23:01:05.756,train
co-iss-n1459813864,titan,2004-04-04T23:27:00.338,train
co-iss-n1459813912,titan,2004-04-04T23:28:20.746,train
co-iss-n1459814000,titan,2004-04-04T23:29:08.349,train
co-iss-n1459815726,saturn_rings,2004-04-04T23:58:40.066,train
co-iss-n1459817252,mimas,2004-04-05T00:24:06.212,train
co-iss-n1459820132,titan,2004-04-05T01:12:06.053,train
co-iss-n1459920426,saturn_rings,2004-04-06T05:03:39.400,train
co-iss-n1459928488,titan,2004-04-06T07:17:15.603,train
co-iss-n1459931752,titan,2004-04-06T08:12:19.978,train
co-iss-n1460155154,titan,2004-04-08T22:15:08.115,train
co-iss-n1460156918,titan,2004-04-08T22:45:05.512,train
co-iss-n1460158642,titan,2004-04-08T23:13:08.104,train
co-iss-n1460276250,titan,2004-04-10T07:53:23.327,train
co-iss-n1460279735,iapetus,2004-04-10T08:52:06.200,train
co-iss-n1460281655,rhea,2004-04-10T09:24:06.227,train
co-iss-n1460286279,atlas,2004-04-10T10:41:09.597,train
co-iss-n1460499796,titan,2004-04-12T21:59:07.871,train
co-iss-n1460501520,titan,2004-04-12T22:27:51.859,train
co-iss-n1460503284,titan,2004-04-12T22:57:07.860,train
co-iss-n1460512450,enceladus,2004-04-13T01:30:39.124,train
co-iss-n1460617685,titan,2004-04-14T06:44:28.511,train
co-iss-n1460620989,titan,2004-04-14T07:39:00.081,train
co-iss-n1460629661,janus,2004-04-14T10:04:09.360,train
co-iss-n1460857122,dione,2004-04-17T01:15:08.879,train
co-iss-n1461197741,rhea,2004-04-20T23:52:06.261,train
co-iss-n1461315581,iapetus,2004-04-22T08:36:05.453,train
co-iss-n1461319546,dione,2004-04-22T09:42:09.867,train
co-iss-n1461540463,tethys,2004-04-24T23:04:06.038,train
co-iss-n1462095351,enceladus,2004-05-01T09:12:09.814,train
co-iss-n1462666134,epimetheus,2004-05-07T23:45:09.097,train
co-iss-n1462666734,prometheus,2004-05-07T23:55:09.093,train
co-iss-n1462667364,atlas,2004-05-08T00:05:39.089,train
co-iss-n1463010777,pandora,2004-05-11T23:29:09.852,train
co-iss-n1463330515,rhea,2004-05-15T16:18:06.370,train
co-iss-n1463414129,dione,2004-05-16T15:31:39.225,train
co-iss-n1463414414,enceladus,2004-05-16T15:36:24.223,train
co-iss-n1463475956,tethys,2004-05-17T08:42:06.433,train
co-iss-n1463476856,mimas,2004-05-17T08:57:06.377,train
co-iss-n1463731771,telesto,2004-05-20T07:45:39.156,train
co-iss-n1463931123,enceladus,2004-05-22T15:08:09.858,train
co-iss-n1463931723,prometheus,2004-05-22T15:18:09.854,train
co-iss-n1463932919,mimas,2004-05-22T15:38:06.406,train
co-iss-n1463993099,iapetus,2004-05-23T08:21:06.014,train
co-iss-n1464105300,dione,2004-05-24T15:31:06.324,train
co-iss-n1464189439,pandora,2004-05-25T14:53:24.176,train
co-iss-n1464191520,rhea,2004-05-25T15:28:05.762,train
co-iss-n1464230820,tethys,2004-05-26T02:23:05.516,train
co-iss-n1464249260,dione,2004-05-26T07:30:24.786,train
co-iss-n1464365701,enceladus,2004-05-27T15:51:05.648,train
co-iss-n1464447906,janus,2004-05-28T14:41:09.492,train
co-iss-n1464624183,rhea,2004-05-30T15:39:05.944,train
co-iss-n1464707318,epimetheus,2004-05-31T14:44:39.803,train
co-iss-n1464748804,enceladus,2004-06-01T02:16:06.152,train
co-iss-n1464873324,prometheus,2004-06-02T12:51:24.721,train
co-iss-n1465024510,helene,2004-06-04T06:51:09.737,train
co-iss-n1465064766,mimas,2004-06-04T18:02:06.035,train
co-iss-n1465065666,enceladus,2004-06-04T18:17:06.089,train
co-iss-n1465226647,iapetus,2004-06-06T15:00:05.980,train
co-iss-n1465265947,rhea,2004-06-07T01:55:05.764,train
co-iss-n1465282901,calypso,2004-06-07T06:37:39.054,train
co-iss-n1465324268,tethys,2004-06-07T18:07:06.394,train
co-iss-n1465482703,janus,2004-06-09T14:07:39.753,train
co-iss-n1465569669,enceladus,2004-06-10T14:17:05.806,train
co-iss-n1465737130,dione,2004-06-12T12:48:05.696,train
co-iss-n1465801451,iapetus,2004-06-13T06:40:06.237,train
co-iss-n1465843875,prometheus,2004-06-13T18:27:09.400,train
co-iss-n1465955506,epimetheus,2004-06-15T01:27:39.673,train
co-iss-n1465956031,telesto,2004-06-15T01:36:24.670,train
co-iss-n1465956316,enceladus,2004-06-15T01:41:09.668,train
co-iss-n1466001552,rhea,2004-06-15T14:15:05.973,train
co-iss-n1466088073,iapetus,2004-06-16T14:17:06.370,train
co-iss-n1466126473,tethys,2004-06-17T00:57:06.170,train
co-iss-n1466298434,rhea,2004-06-19T00:43:06.040,train
co-iss-n1466300068,rhea,2004-06-19T01:10:18.293,train
co-iss-n1466300087,rhea,2004-06-19T01:10:38.721,train
co-iss-n1466300106,rhea,2004-06-19T01:10:57.641,train
co-iss-n1466410275,enceladus,2004-06-20T07:47:06.331,train
co-iss-n1466514299,enceladus,2004-06-21T12:40:49.034,train
co-iss-n1466514318,enceladus,2004-06-21T12:41:08.538,train
co-iss-n1466514337,enceladus,2004-06-21T12:41:27.497,train
co-iss-n1466514357,enceladus,2004-06-21T12:41:47.045,train
co-iss-n1466514376,enceladus,2004-06-21T12:42:06.049,train
co-iss-n1466514421,enceladus,2004-06-21T12:42:47.933,train
co-iss-n1466514533,enceladus,2004-06-21T12:43:57.744,train
co-iss-n1466514680,enceladus,2004-06-21T12:47:09.930,train
co-iss-n1466518275,enceladus,2004-06-21T13:47:05.628,train
co-iss-n1466586085,iapetus,2004-06-22T08:37:11.431,train
co-iss-n1466586104,iapetus,2004-06-22T08:37:33.238,train
co-iss-n1466586123,iapetus,2004-06-22T08:37:52.038,train
co-iss-n1466586165,iapetus,2004-06-22T08:38:17.242,train
co-iss-n1466586191,iapetus,2004-06-22T08:38:56.646,train
co-iss-n1468546649,enceladus,2004-07-15T01:13:06.417,train
co-iss-n1471212406,enceladus,2004-08-14T21:42:06.055,train
co-iss-n1471556868,enceladus,2004-08-18T21:23:05.812,train
co-iss-n1474249489,saturn,2004-09-19T01:19:31.335,train
co-iss-n1474249604,saturn,2004-09-19T01:21:43.149,train
co-iss-n1474250094,saturn,2004-09-19T01:29:32.327,train
co-iss-n1474250215,saturn,2004-09-19T01:31:54.141,train
co-iss-w1474253434,saturn,2004-09-19T02:25:34.294,train
co-iss-n1474253612,saturn,2004-09-19T02:28:10.319,train
co-iss-n1474253761,saturn,2004-09-19T02:31:00.130,train
co-iss-n1474254073,saturn,2004-09-19T02:35:58.289,train
co-iss-n1474254273,saturn,2004-09-19T02:39:25.107,train
co-iss-n1474254889,saturn,2004-09-19T02:49:31.299,train
co-iss-n1474255649,saturn,2004-09-19T03:02:28.110,train
co-iss-w1474258834,saturn,2004-09-19T03:55:34.259,train
co-iss-w1474259012,saturn,2004-09-19T03:58:32.164,train
co-iss-n1474259161,saturn,2004-09-19T04:01:00.095,train
co-iss-n1474259513,saturn,2004-09-19T04:06:50.661,train
co-iss-n1474260137,saturn,2004-09-19T04:17:02.250,train
co-iss-n1474260289,saturn,2004-09-19T04:19:31.264,train
co-iss-n1474260894,saturn,2004-09-19T04:29:32.256,train
co-iss-n1474261049,saturn,2004-09-19T04:32:28.075,train
co-iss-w1474264234,saturn,2004-09-19T05:25:34.223,train
co-iss-w1474264412,saturn,2004-09-19T05:28:32.129,train
co-iss-n1474264561,saturn,2004-09-19T05:31:00.060,train
co-iss-n1474264913,saturn,2004-09-19T05:36:50.626,train
co-iss-n1476039802,prometheus,2004-10-09T18:38:09.950,train
co-iss-n1476219563,prometheus,2004-10-11T20:34:09.777,train
co-iss-n1476554935,helene,2004-10-15T17:43:39.589,train
co-iss-n1476593320,telesto,2004-10-16T04:23:24.338,train
co-iss-n1478972515,helene,2004-11-12T17:16:23.811,train
co-iss-n1480614021,pan,2004-12-01T17:14:39.159,train
co-iss-n1488551713,pan,2005-03-03T14:08:39.662,train
co-iss-n1492024160,pan,2005-04-12T18:42:24.329,train
co-iss-n1495207156,pallene,2005-05-19T14:52:00.349,train
co-iss-n1495209176,methone,2005-05-19T15:25:40.336,train
co-iss-n1495210661,polydeuces,2005-05-19T15:50:25.351,train
co-iss-n1496870357,polydeuces,2005-06-07T20:51:49.515,train
co-iss-n1496870390,polydeuces,2005-06-07T20:52:23.702,train
co-iss-n1496870423,polydeuces,2005-06-07T20:52:56.642,train
co-iss-n1496907282,methone,2005-06-08T07:07:15.327,train
co-iss-n1496910452,pallene,2005-06-08T08:00:03.759,train
co-iss-n1496910541,pallene,2005-06-08T08:01:34.386,train
co-iss-n1496910582,pallene,2005-06-08T08:02:15.306,train
co-iss-n1502795147,polydeuces,2005-08-15T10:37:43.018,train
co-iss-n1502795579,pallene,2005-08-15T10:44:54.452,train
co-iss-n1502796764,methone,2005-08-15T11:04:39.444,train
co-iss-n1520600455,saturn,2006-03-09T12:30:55.228,train
co-iss-n1520600521,saturn,2006-03-09T12:31:55.632,train
co-iss-n1520600629,saturn,2006-03-09T12:33:48.443,train
co-iss-n1520601024,saturn,2006-03-09T12:39:53.413,train
co-iss-n1520601120,saturn,2006-03-09T12:41:58.820,train
co-iss-n1520601185,saturn,2006-03-09T12:43:05.864,train
co-iss-n1520601367,saturn,2006-03-09T12:46:07.866,train
co-iss-n1520601554,saturn,2006-03-09T12:48:57.441,train
co-iss-n1520602047,saturn,2006-03-09T12:57:22.806,train
co-iss-n1520602174,saturn,2006-03-09T12:59:34.413,train
co-iss-n1520602295,saturn,2006-03-09T13:01:29.620,train
co-iss-n1520602386,saturn,2006-03-09T13:03:05.432,train
co-iss-n1520602798,saturn,2006-03-09T13:09:27.402,train
co-iss-n1520602870,saturn,2006-03-09T13:11:07.609,train
co-iss-n1520602959,saturn,2006-03-09T13:12:39.852,train
co-iss-n1520603141,saturn,2006-03-09T13:15:41.855,train
co-iss-n1520603237,saturn,2006-03-09T13:17:17.426,train
co-iss-n1520603328,saturn,2006-03-09T13:18:31.429,train
co-iss-n1520603693,saturn,2006-03-09T13:24:46.196,train
co-iss-n1520603821,saturn,2006-03-09T13:26:56.795,train
co-iss-n1520604069,saturn,2006-03-09T13:31:03.609,train
co-iss-n1520604160,saturn,2006-03-09T13:32:39.420,train
co-iss-n1520604572,saturn,2006-03-09T13:39:01.390,train
co-iss-n1520604733,saturn,2006-03-09T13:42:13.841,train
co-iss-n1520604898,saturn,2006-03-09T13:44:58.844,train
co-iss-n1521540830,daphnis,2006-03-20T09:43:45.388,train
co-iss-n1521541049,daphnis,2006-03-20T09:47:24.387,train
co-iss-n1541716180,saturn_rings,2006-11-08T21:57:26.194,train
co-iss-n1541716868,saturn_rings,2006-11-08T22:08:54.190,train
co-iss-n1541717374,saturn_rings,2006-11-08T22:17:20.287,train
co-iss-w1541717557,saturn_rings,2006-11-08T22:20:21.745,train
co-iss-n1541986456,saturn_rings,2006-11-12T01:01:23.045,train
co-iss-n1541986794,saturn_rings,2006-11-12T01:07:34.435,train
co-iss-n1541987447,saturn_rings,2006-11-12T01:18:22.031,train
co-iss-n1541989626,saturn_rings,2006-11-12T01:52:51.009,train
co-iss-n1541993444,saturn_rings,2006-11-12T02:56:28.985,train
co-iss-n1541995464,saturn_rings,2006-11-12T03:31:50.980,train
co-iss-w1542000130,saturn_rings,2006-11-12T04:49:54.792,train
co-iss-w1542002474,saturn_rings,2006-11-12T05:28:55.735,train
co-iss-w1542007123,saturn_rings,2006-11-12T06:46:27.747,train
co-iss-n1542048041,saturn_rings,2006-11-12T18:08:25.376,train
co-iss-n1542049821,saturn_rings,2006-11-12T18:38:05.365,train
co-iss-n1542052936,saturn_rings,2006-11-12T19:30:00.345,train
co-iss-n1542054271,saturn_rings,2006-11-12T19:52:15.337,train
co-iss-n1542056051,saturn_rings,2006-11-12T20:21:55.325,train
co-iss-n1542057386,saturn_rings,2006-11-12T20:44:10.317,train
co-iss-n1542059166,saturn_rings,2006-11-12T21:13:50.305,train
co-iss-n1542060501,saturn_rings,2006-11-12T21:36:05.297,train
co-iss-n1542062281,saturn_rings,2006-11-12T22:05:45.285,train
co-iss-n1542063616,saturn_rings,2006-11-12T22:28:00.277,train
co-iss-n1542065396,saturn_rings,2006-11-12T22:57:40.306,train
co-iss-n1542066731,saturn_rings,2006-11-12T23:19:55.297,train
co-iss-n1542068511,saturn_rings,2006-11-12T23:49:35.286,train
co-iss-n1554021513,pluto,2007-03-31T08:04:15.762,train
co-iss-n1554021731,pluto,2007-03-31T08:05:39.761,train
co-iss-n1554022029,pluto,2007-03-31T08:10:37.759,train
co-iss-n1554023709,pluto,2007-03-31T08:38:37.748,train
co-iss-n1557223765,skathi,2007-05-07T09:34:11.483,train
co-iss-n1557223882,skathi,2007-05-07T09:36:08.482,train
co-iss-n1557223999,skathi,2007-05-07T09:38:05.481,train
co-iss-n1557224350,skathi,2007-05-07T09:43:56.479,train
co-iss-n1557224878,skathi,2007-05-07T09:52:44.479,train
co-iss-n1557225368,skathi,2007-05-07T10:00:54.484,train
co-iss-n1557226038,mundilfari,2007-05-07T10:12:04.452,train
co-iss-n1557226136,mundilfari,2007-05-07T10:13:42.452,train
co-iss-n1557226234,mundilfari,2007-05-07T10:15:20.451,train
co-iss-n1557226724,mundilfari,2007-05-07T10:23:30.448,train
co-iss-n1557228457,kiviuq,2007-05-07T10:52:23.437,train
co-iss-n1557228555,kiviuq,2007-05-07T10:54:01.437,train
co-iss-n1557228751,kiviuq,2007-05-07T10:57:17.435,train
co-iss-n1557229149,kiviuq,2007-05-07T11:03:55.448,train
co-iss-n1557900580,ijiraq,2007-05-15T05:34:22.181,train
co-iss-n1557900697,ijiraq,2007-05-15T05:36:19.181,train
co-iss-n1557900814,ijiraq,2007-05-15T05:38:16.188,train
co-iss-n1557901010,ijiraq,2007-05-15T05:41:32.186,train
co-iss-n1557901389,ijiraq,2007-05-15T05:48:27.192,train
co-iss-n1558091911,bestla,2007-05-17T10:41:33.970,train
co-iss-n1558092041,bestla,2007-05-17T10:45:03.977,train
co-iss-n1558092139,bestla,2007-05-17T10:46:59.980,train
co-iss-n1558092921,bestla,2007-05-17T11:00:01.983,train
co-iss-n1559278691,fornjot,2007-05-31T04:22:44.455,train
co-iss-n1559278789,fornjot,2007-05-31T04:24:22.454,train
co-iss-n1559278985,fornjot,2007-05-31T04:27:38.453,train
co-iss-n1559279279,fornjot,2007-05-31T04:32:32.451,train
co-iss-n1559279867,fornjot,2007-05-31T04:42:20.448,train
co-iss-n1559470129,siarnaq,2007-06-02T09:33:21.259,train
co-iss-n1559470246,siarnaq,2007-06-02T09:35:18.262,train
co-iss-n1559470344,siarnaq,2007-06-02T09:36:56.261,train
co-iss-n1559470442,siarnaq,2007-06-02T09:38:34.260,train
co-iss-n1559470540,siarnaq,2007-06-02T09:40:12.268,train
co-iss-n1559471577,siarnaq,2007-06-02T09:57:29.281,train
co-iss-n1559769196,paaliaq,2007-06-05T20:37:46.349,train
co-iss-n1559769294,paaliaq,2007-06-05T20:39:24.349,train
co-iss-n1559769490,paaliaq,2007-06-05T20:42:40.347,train
co-iss-n1559769588,paaliaq,2007-06-05T20:44:18.347,train
co-iss-n1559769980,paaliaq,2007-06-05T20:50:50.344,train
co-iss-n1559770372,paaliaq,2007-06-05T20:57:22.342,train
co-iss-n1559770862,paaliaq,2007-06-05T21:05:32.346,train
co-iss-n1559968512,s_2004_s_13,2007-06-08T03:59:41.103,train
co-iss-n1559968597,s_2004_s_13,2007-06-08T04:01:42.106,train
co-iss-n1559968714,s_2004_s_13,2007-06-08T04:03:03.113,train
co-iss-n1559968831,s_2004_s_13,2007-06-08T04:05:00.116,train
co-iss-n1559968929,s_2004_s_13,2007-06-08T04:06:38.116,train
co-iss-n1559969125,s_2004_s_13,2007-06-08T04:09:54.115,train
co-iss-n1559969223,s_2004_s_13,2007-06-08T04:11:32.114,train
co-iss-n1559969419,s_2004_s_13,2007-06-08T04:14:48.113,train
co-iss-n1559969517,s_2004_s_13,2007-06-08T04:16:26.116,train
co-iss-n1559969602,s_2004_s_13,2007-06-08T04:18:27.119,train
co-iss-n1559970239,hati,2007-06-08T04:28:28.076,train
co-iss-n1559970324,hati,2007-06-08T04:30:29.083,train
co-iss-n1559970510,hati,2007-06-08T04:33:49.090,train
co-iss-n1559970902,hati,2007-06-08T04:39:31.092,train
co-iss-n1561405810,tarvos,2007-06-24T19:14:29.986,train
co-iss-n1561405908,tarvos,2007-06-24T19:16:07.986,train
co-iss-n1561406006,tarvos,2007-06-24T19:17:45.985,train
co-iss-n1561407696,kiviuq,2007-06-24T19:45:55.974,train
co-iss-n1562857389,erriapus,2007-07-11T14:27:19.810,train
co-iss-n1562857487,erriapus,2007-07-11T14:28:57.810,train
co-iss-n1562857585,erriapus,2007-07-11T14:30:35.809,train
co-iss-n1562857781,erriapus,2007-07-11T14:33:51.808,train
co-iss-n1562858179,erriapus,2007-07-11T14:40:29.821,train
co-iss-n1565236507,saturn,2007-08-08T03:20:24.058,train
co-iss-w1565236841,saturn,2007-08-08T03:25:58.708,train
co-iss-w1565237117,saturn,2007-08-08T03:30:34.584,train
co-iss-n1565240189,saturn,2007-08-08T04:21:46.046,train
co-iss-n1565240381,saturn,2007-08-08T04:24:58.026,train
co-iss-n1565240564,saturn,2007-08-08T04:28:01.025,train
co-iss-w1565240699,saturn,2007-08-08T04:30:16.684,train
co-iss-n1565241291,saturn,2007-08-08T04:40:06.700,train
co-iss-w1565241339,saturn,2007-08-08T04:40:56.440,train
co-iss-w1565241522,saturn,2007-08-08T04:43:59.438,train
co-iss-n1565241732,saturn,2007-08-08T04:47:29.025,train
co-iss-n1565241931,saturn,2007-08-08T04:50:48.016,train
co-iss-w1565242066,saturn,2007-08-08T04:53:03.675,train
co-iss-w1565242249,saturn,2007-08-08T04:56:06.674,train
co-iss-n1565242475,saturn,2007-08-08T04:59:50.692,train
co-iss-n1565242658,saturn,2007-08-08T05:02:53.691,train
co-iss-w1565242706,saturn,2007-08-08T05:03:43.431,train
co-iss-w1565242889,saturn,2007-08-08T05:06:46.430,train
co-iss-n1565243072,saturn,2007-08-08T05:09:49.009,train
co-iss-w1565246157,saturn,2007-08-08T06:01:14.665,train
co-iss-n1565246333,saturn,2007-08-08T06:04:08.668,train
co-iss-n1565246699,saturn,2007-08-08T06:10:14.666,train
co-iss-w1565246747,saturn,2007-08-08T06:11:04.405,train
co-iss-n1574793242,erriapus,2007-11-26T17:56:54.064,train
co-iss-n1574793751,erriapus,2007-11-26T18:05:23.069,train
co-iss-n1574794162,erriapus,2007-11-26T18:12:14.081,train
co-iss-n1574852870,ymir,2007-11-27T10:30:41.628,train
co-iss-n1574853085,ymir,2007-11-27T10:34:16.630,train
co-iss-n1574853183,ymir,2007-11-27T10:35:54.629,train
co-iss-n1574853281,ymir,2007-11-27T10:37:32.633,train
co-iss-n1574854299,ymir,2007-11-27T10:54:30.641,train
co-iss-n1575059341,kiviuq,2007-11-29T19:51:51.157,train
co-iss-n1575059752,kiviuq,2007-11-29T19:58:42.166,train
co-iss-n1575060065,kiviuq,2007-11-29T20:03:55.168,train
co-iss-n1575063821,paaliaq,2007-11-29T21:06:31.126,train
co-iss-w1575551085,titan,2007-12-05T12:28:38.699,train
co-iss-n1575551212,titan,2007-12-05T12:30:22.698,train
co-iss-w1575551212,titan,2007-12-05T12:30:45.698,train
co-iss-n1575551307,titan,2007-12-05T12:32:20.701,train
co-iss-w1575551307,titan,2007-12-05T12:32:35.141,train
co-iss-n1575551599,titan,2007-12-05T12:36:55.699,train
co-iss-w1575551599,titan,2007-12-05T12:37:12.699,train
co-iss-n1575551761,titan,2007-12-05T12:39:54.706,train
co-iss-n1575552055,titan,2007-12-05T12:44:25.692,train
co-iss-w1575552182,titan,2007-12-05T12:46:55.691,train
co-iss-n1575552662,titan,2007-12-05T12:54:32.687,train
co-iss-n1575552878,titan,2007-12-05T12:58:00.686,train
co-iss-w1575553005,titan,2007-12-05T13:00:38.685,train
co-iss-w1575553227,titan,2007-12-05T13:04:35.127,train
co-iss-n1575553655,titan,2007-12-05T13:11:11.680,train
co-iss-w1575555297,titan,2007-12-05T13:38:50.653,train
co-iss-w1575557425,titan,2007-12-05T14:14:29.854,train
co-iss-w1575557521,titan,2007-12-05T14:16:05.853,train
co-iss-w1575559929,titan,2007-12-05T14:56:17.616,train
co-iss-w1575588292,titan,2007-12-05T22:49:00.415,train
co-iss-w1575588343,titan,2007-12-05T22:49:51.415,train
co-iss-w1576835017,titan,2007-12-20T09:07:26.666,train
co-iss-w1576836866,titan,2007-12-20T09:38:15.641,train
co-iss-w1576838814,titan,2007-12-20T10:10:53.239,train
co-iss-w1576840794,titan,2007-12-20T10:43:53.285,train
co-iss-w1576840890,titan,2007-12-20T10:45:19.612,train
co-iss-w1576844818,titan,2007-12-20T11:50:47.585,train
co-iss-n1577213293,anthe,2007-12-24T18:12:09.309,train
co-iss-n1577399213,kiviuq,2007-12-26T21:49:26.676,train
co-iss-n1577551398,albiorix,2007-12-28T16:05:50.585,train
co-iss-n1577551515,albiorix,2007-12-28T16:07:47.592,train
co-iss-n1577551613,albiorix,2007-12-28T16:09:25.591,train
co-iss-n1577551711,albiorix,2007-12-28T16:11:03.590,train
co-iss-n1577551809,albiorix,2007-12-28T16:12:41.590,train
co-iss-n1577552318,albiorix,2007-12-28T16:21:10.594,train
co-iss-n1577762117,anthe,2007-12-31T02:39:09.432,train
co-iss-n1579032524,ijiraq,2008-01-14T19:31:06.121,train
co-iss-n1579032982,ijiraq,2008-01-14T19:38:44.129,train
co-iss-n1579164299,saturn_rings,2008-01-16T08:08:41.205,train
co-iss-n1579164503,saturn_rings,2008-01-16T08:12:05.204,train
co-iss-n1579164775,saturn_rings,2008-01-16T08:16:37.202,train
co-iss-n1579164979,saturn_rings,2008-01-16T08:20:01.201,train
co-iss-n1579166321,saturn_rings,2008-01-16T08:41:02.175,train
co-iss-n1579166747,saturn_rings,2008-01-16T08:49:29.852,train
co-iss-w1579167269,saturn_rings,2008-01-16T08:58:12.139,train
co-iss-n1579167944,saturn_rings,2008-01-16T09:09:26.904,train
co-iss-n1579168457,saturn_rings,2008-01-16T09:17:59.900,train
co-iss-w1579168971,saturn_rings,2008-01-16T09:26:34.127,train
co-iss-n1579170167,saturn_rings,2008-01-16T09:46:29.768,train
co-iss-n1579170681,saturn_rings,2008-01-16T09:55:03.765,train
co-iss-n1579171193,saturn_rings,2008-01-16T10:03:35.581,train
co-iss-w1579175157,saturn_rings,2008-01-16T11:09:40.073,train
co-iss-w1579177724,saturn_rings,2008-01-16T11:52:27.060,train
co-iss-w1579180778,saturn_rings,2008-01-16T12:43:21.063,train
co-iss-w1579181538,saturn_rings,2008-01-16T12:56:01.058,train
co-iss-w1579182597,saturn_rings,2008-01-16T13:13:40.050,train
co-iss-w1579184593,saturn_rings,2008-01-16T13:46:56.036,train
co-iss-w1579185829,saturn_rings,2008-01-16T14:07:32.003,train
co-iss-w1579186888,saturn_rings,2008-01-16T14:25:10.995,train
co-iss-w1579250265,saturn_rings,2008-01-17T08:01:27.378,train
co-iss-n1579321873,anthe,2008-01-18T03:54:54.412,train
co-iss-n1586126864,ymir,2008-04-05T22:09:16.032,train
co-iss-n1596021908,saturn_rings,2008-07-29T10:46:52.274,train
co-iss-n1596021953,saturn_rings,2008-07-29T10:47:37.274,train
co-iss-n1596022013,saturn_rings,2008-07-29T10:48:37.273,train
co-iss-n1596022058,saturn_rings,2008-07-29T10:49:22.273,train
co-iss-n1596022118,saturn_rings,2008-07-29T10:50:22.273,train
co-iss-n1596022651,saturn_rings,2008-07-29T10:59:15.269,train
co-iss-n1596022696,saturn_rings,2008-07-29T11:00:00.268,train
co-iss-n1596022756,saturn_rings,2008-07-29T11:01:00.268,train
co-iss-n1596022801,saturn_rings,2008-07-29T11:01:45.268,train
co-iss-n1596022861,saturn_rings,2008-07-29T11:02:45.267,train
co-iss-n1596022906,saturn_rings,2008-07-29T11:03:30.267,train
co-iss-n1596023045,saturn_rings,2008-07-29T11:05:49.266,train
co-iss-n1596023090,saturn_rings,2008-07-29T11:06:34.266,train
co-iss-n1596023150,saturn_rings,2008-07-29T11:07:34.265,train
co-iss-n1596023195,saturn_rings,2008-07-29T11:08:19.265,train
co-iss-n1596023255,saturn_rings,2008-07-29T11:09:19.265,train
co-iss-n1596023300,saturn_rings,2008-07-29T11:10:04.264,train
co-iss-n1596023484,saturn_rings,2008-07-29T11:13:08.263,train
co-iss-n1596023544,saturn_rings,2008-07-29T11:14:08.262,train
co-iss-n1596023589,saturn_rings,2008-07-29T11:14:53.262,train
co-iss-n1596023649,saturn_rings,2008-07-29T11:15:53.262,train
co-iss-n1611809839,loge,2009-01-28T04:17:09.606,train
co-iss-n1614668389,thrymr,2009-03-02T06:19:14.679,train
co-iss-n1617663115,thrymr,2009-04-05T22:09:42.988,train
co-iss-w1617663115,thrymr,2009-04-05T22:09:42.988,train
co-iss-n1617663546,thrymr,2009-04-05T22:16:53.996,train
co-iss-n1617664174,thrymr,2009-04-05T22:25:43.976,train
co-iss-n1617664623,thrymr,2009-04-05T22:33:12.965,train
co-iss-n1620045371,saturn_rings,2009-05-03T11:55:03.787,train
co-iss-n1620045439,saturn_rings,2009-05-03T11:56:11.787,train
co-iss-n1620045490,saturn_rings,2009-05-03T11:57:02.786,train
co-iss-n1620045558,saturn_rings,2009-05-03T11:58:10.786,train
co-iss-n1620045609,saturn_rings,2009-05-03T11:59:01.786,train
co-iss-n1620045677,saturn_rings,2009-05-03T12:00:09.785,train
co-iss-n1620045728,saturn_rings,2009-05-03T12:01:00.785,train
co-iss-n1620045796,saturn_rings,2009-05-03T12:02:08.784,train
co-iss-n1620045847,saturn_rings,2009-05-03T12:02:59.784,train
co-iss-w1620479712,saturn_rings,2009-05-08T12:34:01.909,train
co-iss-w1620483493,saturn_rings,2009-05-08T13:37:02.882,train
co-iss-w1620486673,saturn_rings,2009-05-08T14:30:02.860,train
co-iss-w1620489314,saturn_rings,2009-05-08T15:14:03.841,train
co-iss-w1620492590,saturn_rings,2009-05-08T16:08:39.818,train
co-iss-w1620498631,saturn_rings,2009-05-08T17:49:20.685,train
co-iss-w1620501931,saturn_rings,2009-05-08T18:44:20.721,train
co-iss-w1620503760,saturn_rings,2009-05-08T19:14:49.708,train
co-iss-n1620596046,saturn_rings,2009-05-09T20:52:54.292,train
co-iss-n1620640112,saturn_rings,2009-05-10T09:07:19.599,train
co-iss-n1620641477,saturn_rings,2009-05-10T09:30:04.589,train
co-iss-n1620642842,saturn_rings,2009-05-10T09:52:49.579,train
co-iss-n1620643622,saturn_rings,2009-05-10T10:05:49.574,train
co-iss-n1620644207,saturn_rings,2009-05-10T10:15:34.569,train
co-iss-n1620644987,saturn_rings,2009-05-10T10:28:34.564,train
co-iss-n1620645572,saturn_rings,2009-05-10T10:38:19.560,train
co-iss-n1620679652,skoll,2009-05-10T20:06:14.933,train
co-iss-n1622685604,kiviuq,2009-06-03T01:17:52.294,train
co-iss-n1622686109,kiviuq,2009-06-03T01:26:17.290,train
co-iss-n1628417141,saturn,2009-08-08T09:20:34.553,train
co-iss-n1628417915,saturn,2009-08-08T09:33:28.548,train
co-iss-n1628418489,saturn,2009-08-08T09:44:40.536,train
co-iss-n1628419263,saturn,2009-08-08T09:57:34.530,train
co-iss-n1628419863,saturn,2009-08-08T10:05:56.534,train
co-iss-n1628420637,saturn,2009-08-08T10:18:50.528,train
co-iss-n1628425916,saturn,2009-08-08T11:46:49.499,train
co-iss-n1628428116,saturn,2009-08-08T12:23:29.483,train
co-iss-n1628428920,saturn,2009-08-08T12:36:53.481,train
co-iss-n1628429694,saturn,2009-08-08T12:49:47.464,train
co-iss-n1628430268,saturn,2009-08-08T13:00:59.452,train
co-iss-n1628431042,saturn,2009-08-08T13:13:53.446,train
co-iss-n1628431816,saturn,2009-08-08T13:26:47.441,train
co-iss-n1628432416,saturn,2009-08-08T13:35:09.445,train
co-iss-n1628433190,saturn,2009-08-08T13:48:03.439,train
co-iss-n1628434538,saturn,2009-08-08T14:10:31.429,train
co-iss-n1628435112,saturn,2009-08-08T14:20:05.425,train
co-iss-n1629164481,saturn,2009-08-17T00:56:09.242,train
co-iss-n1629165081,saturn,2009-08-17T01:06:09.238,train
co-iss-n1629165989,saturn,2009-08-17T01:21:17.216,train
co-iss-n1629166589,saturn,2009-08-17T01:31:17.212,train
co-iss-n1629167498,saturn,2009-08-17T01:46:26.205,train
co-iss-n1630679690,bestla,2009-09-03T13:51:31.443,train
co-iss-n1630722164,kari,2009-09-04T01:40:15.556,train
co-iss-n1630960936,kari,2009-09-06T19:59:45.857,train
co-iss-n1631615222,ijiraq,2009-09-14T09:43:10.886,train
co-iss-n1632806885,kari,2009-09-28T04:44:31.542,train
co-iss-n1634894328,bestla,2009-10-22T08:34:33.959,train
co-iss-w1643264167,aegaeon,2010-01-27T05:32:14.751,train
co-iss-n1643264167,aegaeon,2010-01-27T05:32:15.111,train
co-iss-w1643264273,aegaeon,2010-01-27T05:34:01.115,train
co-iss-n1643264273,aegaeon,2010-01-27T05:34:01.195,train
co-iss-n1643264854,aegaeon,2010-01-27T05:43:40.238,train
co-iss-n1644267520,skoll,2010-02-07T20:11:41.056,train
co-iss-n1644267723,skoll,2010-02-07T20:15:04.055,train
co-iss-n1644267925,skoll,2010-02-07T20:18:26.053,train
co-iss-n1644269343,skoll,2010-02-07T20:42:04.043,train
co-iss-n1645839052,tarvos,2010-02-26T00:43:41.885,train
co-iss-n1645839774,tarvos,2010-02-26T00:57:21.903,train
co-iss-n1645840592,tarvos,2010-02-26T01:09:21.897,train
co-iss-n1648533129,bebhionn,2010-03-29T05:04:39.706,train
co-iss-n1648533329,bebhionn,2010-03-29T05:07:59.705,train
co-iss-n1648533633,bebhionn,2010-03-29T05:13:03.714,train
co-iss-n1648533937,bebhionn,2010-03-29T05:19:45.716,train
co-iss-n1648534841,bebhionn,2010-03-29T05:33:11.725,train
co-iss-n1648535649,bebhionn,2010-03-29T05:46:39.727,train
co-iss-n1650147783,albiorix,2010-04-16T21:35:22.185,train
co-iss-n1661528317,hyrrokkin,2010-08-26T14:50:54.668,train
co-iss-n1661528453,hyrrokkin,2010-08-26T14:53:10.667,train
co-iss-n1661528589,hyrrokkin,2010-08-26T14:55:26.666,train
co-iss-n1661528725,hyrrokkin,2010-08-26T14:57:42.665,train
co-iss-n1661528997,hyrrokkin,2010-08-26T15:02:14.663,train
co-iss-n1661530907,hyrrokkin,2010-08-26T15:32:44.673,train
co-iss-n1661582439,greip,2010-08-27T05:50:56.280,train
co-iss-n1661582703,greip,2010-08-27T05:55:20.278,train
co-iss-n1661582967,greip,2010-08-27T05:59:44.276,train
co-iss-n1661584026,greip,2010-08-27T06:17:23.252,train
co-iss-n1667128256,bergelmir,2010-10-30T10:20:33.428,train
co-iss-n1667128776,bergelmir,2010-10-30T10:25:13.432,train
co-iss-n1667129040,bergelmir,2010-10-30T10:33:37.434,train
co-iss-n1667129560,bergelmir,2010-10-30T10:38:17.435,train
co-iss-n1667131376,bergelmir,2010-10-30T10:59:33.437,train
co-iss-n1683975462,suttungr,2011-05-13T10:05:32.720,train
co-iss-n1683975726,suttungr,2011-05-13T10:09:56.718,train
co-iss-n1683975990,suttungr,2011-05-13T10:14:20.717,train
co-iss-n1683976518,suttungr,2011-05-13T10:23:08.713,train
co-iss-n1684083403,s_2004_s_12,2011-05-14T16:04:33.054,train
co-iss-n1684083667,s_2004_s_12,2011-05-14T16:08:57.052,train
co-iss-n1684083931,s_2004_s_12,2011-05-14T16:13:21.051,train
co-iss-n1684085251,s_2004_s_12,2011-05-14T16:35:21.042,train
co-iss-n1691632063,saturn,2011-08-10T00:58:22.083,train
co-iss-n1691632645,saturn,2011-08-10T01:08:04.080,train
co-iss-n1691633721,saturn,2011-08-10T01:26:02.893,train
co-iss-n1691633985,saturn,2011-08-10T01:30:05.271,train
co-iss-n1691634567,saturn,2011-08-10T01:39:47.268,train
co-iss-n1691635149,saturn,2011-08-10T01:49:29.264,train
co-iss-n1691636225,saturn,2011-08-10T02:07:42.657,train
co-iss-n1691637301,saturn,2011-08-10T02:25:40.050,train
co-iss-w1691637741,saturn,2011-08-10T02:33:02.988,train
co-iss-w1691660372,saturn,2011-08-10T08:49:59.151,train
co-iss-n1691660517,saturn,2011-08-10T08:52:38.724,train
co-iss-n1691661099,saturn,2011-08-10T09:02:20.720,train
co-iss-n1691661363,saturn,2011-08-10T09:06:23.098,train
co-iss-n1691661945,saturn,2011-08-10T09:16:05.095,train
co-iss-n1691662439,saturn,2011-08-10T09:24:36.491,train
co-iss-n1691663021,saturn,2011-08-10T09:34:18.488,train
co-iss-n1691663515,saturn,2011-08-10T09:42:33.885,train
co-iss-n1691664097,saturn,2011-08-10T09:52:15.881,train
co-iss-n1691664591,saturn,2011-08-10T10:00:32.698,train
co-iss-n1691665173,saturn,2011-08-10T10:10:14.694,train
co-iss-n1691665755,saturn,2011-08-10T10:19:56.690,train
co-iss-n1691666019,saturn,2011-08-10T10:23:59.069,train
co-iss-n1691666601,saturn,2011-08-10T10:33:41.065,train
co-iss-n1691667095,saturn,2011-08-10T10:42:12.462,train
co-iss-n1691766147,tarqeq,2011-08-11T14:05:28.436,train
co-iss-n1691766667,tarqeq,2011-08-11T14:14:08.432,train
co-iss-n1691767187,tarqeq,2011-08-11T14:22:48.429,train
co-iss-n1691768747,tarqeq,2011-08-11T14:48:48.419,train
co-iss-n1691771347,tarqeq,2011-08-11T15:32:08.403,train
co-iss-n1691773947,tarqeq,2011-08-11T16:15:28.386,train
co-iss-n1697867770,loge,2011-10-21T05:02:32.815,train
co-iss-n1697868290,loge,2011-10-21T05:07:12.815,train
co-iss-n1697868810,loge,2011-10-21T05:15:52.812,train
co-iss-n1697872970,loge,2011-10-21T06:25:12.786,train
co-iss-n1709935063,jarnsaxa,2012-03-08T20:58:49.384,train
co-iss-n1709935583,jarnsaxa,2012-03-08T21:07:29.381,train
co-iss-n1709936103,jarnsaxa,2012-03-08T21:16:09.377,train
co-iss-n1709938703,jarnsaxa,2012-03-08T21:59:29.361,train
co-iss-n1734874982,surtur,2012-12-22T12:41:29.079,train
co-iss-n1734875502,surtur,2012-12-22T12:50:09.076,train
co-iss-n1734876542,surtur,2012-12-22T13:07:29.070,train
co-iss-n1734878622,surtur,2012-12-22T13:42:09.056,train
co-iss-n1737253990,saturn_rings,2013-01-19T01:39:01.426,train
co-iss-n1737254344,saturn_rings,2013-01-19T01:44:55.424,train
co-iss-n1737254816,saturn_rings,2013-01-19T01:52:47.421,train
co-iss-n1737255642,saturn_rings,2013-01-19T02:06:33.416,train
co-iss-n1737255996,saturn_rings,2013-01-19T02:12:27.413,train
co-iss-n1737256822,saturn_rings,2013-01-19T02:26:13.408,train
co-iss-n1737257294,saturn_rings,2013-01-19T02:34:05.405,train
co-iss-n1737257648,saturn_rings,2013-01-19T02:39:59.403,train
co-iss-n1737258120,saturn_rings,2013-01-19T02:47:51.400,train
co-iss-n1737258474,saturn_rings,2013-01-19T02:53:45.398,train
co-iss-n1737258946,saturn_rings,2013-01-19T03:01:37.395,train
co-iss-n1737259300,saturn_rings,2013-01-19T03:07:31.392,train
co-iss-n1737259772,saturn_rings,2013-01-19T03:15:23.389,train
co-iss-n1737260126,saturn_rings,2013-01-19T03:21:17.387,train
co-iss-n1737260598,saturn_rings,2013-01-19T03:29:09.384,train
co-iss-n1737261424,saturn_rings,2013-01-19T03:42:55.379,train
co-iss-n1737261896,saturn_rings,2013-01-19T03:50:47.376,train
co-iss-n1737262250,saturn_rings,2013-01-19T03:56:41.374,train
co-iss-n1737262722,saturn_rings,2013-01-19T04:04:33.371,train
co-iss-n1737263076,saturn_rings,2013-01-19T04:10:27.368,train
co-iss-n1737263548,saturn_rings,2013-01-19T04:18:19.365,train
co-iss-n1737263902,saturn_rings,2013-01-19T04:24:13.363,train
co-iss-n1737264374,saturn_rings,2013-01-19T04:32:05.360,train
co-iss-n1737264728,saturn_rings,2013-01-19T04:37:59.358,train
co-iss-n1743016244,narvi,2013-03-26T18:08:19.415,train
co-iss-n1743016764,narvi,2013-03-26T18:16:59.412,train
co-iss-n1743017804,narvi,2013-03-26T18:34:19.405,train
co-iss-n1743019884,narvi,2013-03-26T19:08:59.392,train
co-iss-n1747571647,saturn,2013-05-18T11:38:52.763,train
co-iss-n1747571927,saturn,2013-05-18T11:43:32.761,train
co-iss-n1747572047,saturn,2013-05-18T11:45:32.760,train
co-iss-n1747572207,saturn,2013-05-18T11:48:12.759,train
co-iss-n1747572327,saturn,2013-05-18T11:50:12.759,train
co-iss-n1747572487,saturn,2013-05-18T11:52:52.757,train
co-iss-n1747572607,saturn,2013-05-18T11:54:52.757,train
co-iss-n1747572887,saturn,2013-05-18T11:59:32.755,train
co-iss-n1747573047,saturn,2013-05-18T12:02:12.754,train
co-iss-n1747573167,saturn,2013-05-18T12:04:12.753,train
co-iss-n1747573327,saturn,2013-05-18T12:06:52.752,train
co-iss-n1747573447,saturn,2013-05-18T12:08:52.751,train
co-iss-n1747573607,saturn,2013-05-18T12:11:32.750,train
co-iss-n1747573767,saturn,2013-05-18T12:14:12.749,train
co-iss-n1747574047,saturn,2013-05-18T12:18:52.748,train
co-iss-n1747574167,saturn,2013-05-18T12:20:52.747,train
co-iss-n1747574327,saturn,2013-05-18T12:23:32.746,train
co-iss-n1747574447,saturn,2013-05-18T12:25:32.745,train
co-iss-n1747575007,saturn,2013-05-18T12:34:52.741,train
co-iss-n1747575167,saturn,2013-05-18T12:37:32.740,train
co-iss-n1748702174,titan,2013-05-31T13:39:45.253,train
co-iss-n1749572006,titan,2013-06-10T15:17:59.541,train
co-iss-n1749572258,titan,2013-06-10T15:21:56.735,train
co-iss-n1750038404,titan,2013-06-16T00:50:48.828,train
co-iss-n1750038672,titan,2013-06-16T00:55:36.041,train
co-iss-n1750350968,titan,2013-06-19T15:39:40.850,train
co-iss-n1750351193,titan,2013-06-19T15:43:35.868,train
co-iss-n1750606523,titan,2013-06-22T14:39:49.907,train
co-iss-n1750606722,titan,2013-06-22T14:43:06.034,train
co-iss-n1750965696,titan,2013-06-26T18:25:14.934,train
co-iss-n1750966152,titan,2013-06-26T18:32:40.943,train
co-iss-n1750966273,titan,2013-06-26T18:35:31.154,train
co-iss-n1752108170,titan,2013-07-09T23:46:29.682,train
co-iss-n1752109456,titan,2013-07-10T00:07:47.674,train
co-iss-n1752110006,titan,2013-07-10T00:17:17.667,train
co-iss-n1752968916,earth,2013-07-19T22:52:45.612,train
co-iss-n1752968964,earth,2013-07-19T22:53:24.216,train
co-iss-n1752969019,earth,2013-07-19T22:54:29.223,train
co-iss-n1752969067,earth,2013-07-19T22:55:12.427,train
co-iss-n1752969139,earth,2013-07-19T22:56:09.230,train
co-iss-n1752969415,earth,2013-07-19T22:59:45.232,train
co-iss-n1752969493,earth,2013-07-19T23:02:07.240,train
co-iss-n1820702205,saturn,2015-09-11T21:33:13.171,train
co-iss-n1820702493,saturn,2015-09-11T21:38:01.169,train
co-iss-n1820703213,saturn,2015-09-11T21:50:01.164,train
co-iss-n1820703501,saturn,2015-09-11T21:54:49.163,train
co-iss-n1820704005,saturn,2015-09-11T22:03:13.159,train
co-iss-n1820704293,saturn,2015-09-11T22:08:01.158,train
co-iss-n1820704797,saturn,2015-09-11T22:16:25.154,train
co-iss-n1820705301,saturn,2015-09-11T22:24:49.151,train
co-iss-n1820705805,saturn,2015-09-11T22:33:13.148,train
co-iss-n1820706021,saturn,2015-09-11T22:36:49.147,train
co-iss-n1820706309,saturn,2015-09-11T22:41:37.145,train
co-iss-n1820706525,saturn,2015-09-11T22:45:13.143,train
co-iss-n1820706813,saturn,2015-09-11T22:50:01.142,train
co-iss-n1820707029,saturn,2015-09-11T22:53:37.140,train
co-iss-n1820707821,saturn,2015-09-11T23:06:49.135,train
co-iss-n1835926611,saturn_rings,2016-03-06T02:32:12.678,train
co-iss-n1835928235,saturn_rings,2016-03-06T02:59:16.667,train
co-iss-n1835929453,saturn_rings,2016-03-06T03:19:34.659,train
co-iss-n1835931077,saturn_rings,2016-03-06T03:46:38.648,train
co-iss-n1835933919,saturn_rings,2016-03-06T04:34:00.630,train
co-iss-n1835935137,saturn_rings,2016-03-06T04:54:18.622,train
co-iss-n1835936761,saturn_rings,2016-03-06T05:21:22.611,train
co-iss-n1835939603,saturn_rings,2016-03-06T06:08:44.593,train
co-iss-n1835940821,saturn_rings,2016-03-06T06:29:02.585,train
co-iss-n1835948129,saturn_rings,2016-03-06T08:30:50.537,train
co-iss-n1835952059,saturn_rings,2016-03-06T09:36:20.512,train
co-iss-n1836174269,saturn_rings,2016-03-08T23:19:49.779,train
co-iss-n1870757502,earth,2017-04-13T05:43:20.874,train
co-iss-n1870757557,earth,2017-04-13T05:44:15.497,train
co-iss-n1870757621,earth,2017-04-13T05:45:18.065,train
co-iss-w1870757621,earth,2017-04-13T05:45:19.805,train
